Link Name,Center of Mass X,Center of Mass Y,Center of Mass Z,Center of Mass Roll,Center of Mass Pitch,Center of Mass Yaw,Mass,Moment Ixx,Moment Ixy,Moment Ixz,Moment Iyy,Moment Iyz,Moment Izz,Visual X,Visual Y,Visual Z,Visual Roll,Visual Pitch,Visual Yaw,Mesh Filename,Color Red,Color Green,Color Blue,Color Alpha,Collision X,Collision Y,Collision Z,Collision Roll,Collision Pitch,Collision Yaw,Collision Mesh Filename,Material Name,SW Components,Coordinate System,Axis Name,Joint Name,Joint Type,Joint Origin X,Joint Origin Y,Joint Origin Z,Joint Origin Roll,Joint Origin Pitch,Joint Origin Yaw,Parent,Joint Axis X,Joint Axis Y,Joint Axis Z,Limit Effort,Limit Velocity,Limit Lower,Limit Upper,Calibration rising,Calibration falling,Dynamics Damping,Dynamics Friction,Safety Soft Upper,Safety Soft Lower,Safety K Position,Safety K Velocity
basefoot_link,0.00809129294633523,-0.00042582367820363,0.283182877127663,0,0,0,7.71408937424408,0.0937891179272496,1.74849918531381E-05,3.52466191974726E-06,0.0887297587490422,-3.88602710703677E-07,0.109458904574092,0,0,0,0,0,0,package://URDF35/meshes/basefoot_link.STL,0.792156862745098,0.819607843137255,0.933333333333333,1,0,0,0,0,0,0,package://URDF35/meshes/basefoot_link.STL,,Pad gắn tấm che bên hông-6;Vo_tren-4;Pad gắn tấm che bên hông-3;Button Green-1;HY-SRF05.step-1;Vo1-1;ga_sieu_am-3;Button Yellow-1;pad_l_vo_de-1;hop_dien-2;Vo2-1;Pad gắn tấm che bên hông-5;Button Red-1;safety bumper-1;giam xoc-1;ga_sieu_am-1;Pad gắn tấm che bên hông-2;pad_l_vo_de-2;Pad gắn tấm che bên hông-4;pad_l_vo_de-3;de_1_v2_4-1;pad_l_vo_de-4;giam xoc-4;Vo_tren-5;HY-SRF05.step-3;Pad gắn tấm che bên hông-1;hop_lidar-1;Khay_HMI - Copy-3;Nhom_hop_25x25x200-4;Mat_de_nhom_hop_2525-5;7 inch HDMI LCD (H).stp-1;Ke_90_hop_nhom-3;Khay_HMI-1;Nhom_hop_25x25x1000-2;De2-1;planetary motor 775-1;nối trục 8_8mm-3;ga_caster-3;ga_caster-2;Ke_khay_doan-7;Ke_khay_doan-4;Ke_khay_doan-3;Ke_90_hop_nhom-4;planetary motor 775-2;Ke_khay_doan-6;Khay_HMI-2;Ke_khay_doan-8;nối trục 8_8mm-2;Mat_de_nhom_hop_2525-4;Khay_HMI-3;Ke_khay_doan-5;Nhom_hop_25x25x1000-1,base_footprint_link,,,,0,0,0,0,0,0,,0,0,0,,,,,,,,,,,,
base_link,0.0079983928287702,-0.000265291012152107,0.241187877127663,0,0,0,7.71408937424408,0.0937891179272496,1.74849918531375E-05,3.52466191974713E-06,0.0887297587490422,-3.88602710703737E-07,0.109458904574092,0,0,0,0,0,0,package://URDF35/meshes/base_link.STL,0.792156862745098,0.819607843137255,0.933333333333333,1,0,0,0,0,0,0,package://URDF35/meshes/base_link.STL,,Pad gắn tấm che bên hông-6;Vo_tren-4;Pad gắn tấm che bên hông-3;Button Green-1;HY-SRF05.step-1;Vo1-1;ga_sieu_am-3;Button Yellow-1;pad_l_vo_de-1;hop_dien-2;Vo2-1;Pad gắn tấm che bên hông-5;Button Red-1;safety bumper-1;giam xoc-1;ga_sieu_am-1;Pad gắn tấm che bên hông-2;pad_l_vo_de-2;Pad gắn tấm che bên hông-4;pad_l_vo_de-3;de_1_v2_4-1;pad_l_vo_de-4;giam xoc-4;Vo_tren-5;HY-SRF05.step-3;Pad gắn tấm che bên hông-1;hop_lidar-1;Khay_HMI - Copy-3;Nhom_hop_25x25x200-4;Mat_de_nhom_hop_2525-5;7 inch HDMI LCD (H).stp-1;Ke_90_hop_nhom-3;Khay_HMI-1;Nhom_hop_25x25x1000-2;De2-1;planetary motor 775-1;nối trục 8_8mm-3;ga_caster-3;ga_caster-2;Ke_khay_doan-7;Ke_khay_doan-4;Ke_khay_doan-3;Ke_90_hop_nhom-4;planetary motor 775-2;Ke_khay_doan-6;Khay_HMI-2;Ke_khay_doan-8;nối trục 8_8mm-2;Mat_de_nhom_hop_2525-4;Khay_HMI-3;Ke_khay_doan-5;Nhom_hop_25x25x1000-1,base_link,Axis_base_link_joint,base_link_joint,fixed,9.29001175650505E-05,-0.00016053266605152,0.041995,0,0,0,basefoot_link,0,0,0,,,,,,,,,,,,
wheel_left_link,4.57163530719491E-06,-8.98627908196836E-11,-0.479623670675163,0,0,0,0.361992776398066,0.000799247027646574,-7.26867811017028E-13,-7.9792675897672E-09,0.000799247033748288,-3.77010419055055E-13,0.00153559228859744,0,0,0,0,0,0,package://URDF35/meshes/wheel_left_link.STL,0.898039215686275,0.917647058823529,0.929411764705882,1,0,0,0,0,0,0,package://URDF35/meshes/wheel_left_link.STL,,bánh xe nhôm 145mm-3,wheel_left,Axis1,wheel_left_link_joint,continuous,0.000128258066467293,-0.242499998624947,0.0300056313292358,1.5707963267949,0,1.08319061319076E-05,base_link,0,0,-1,,,,,,,,,,,,
wheel_right_link,-6.83321868141779E-07,-6.99249866342733E-10,-0.479623670696799,0,0,0,0.361992776398532,0.000799247032744304,2.46730682426909E-12,7.97742785939724E-09,0.000799247028650502,-2.94904196908096E-12,0.00153559228859746,0,0,0,0,0,0,package://URDF35/meshes/wheel_right_link.STL,0.898039215686275,0.917647058823529,0.929411764705882,1,0,0,0,0,0,0,package://URDF35/meshes/wheel_right_link.STL,,bánh xe nhôm 145mm-4,wheel_right,Axis2,wheel_right_link_joint,continuous,0.000127526913689921,0.241508608825339,0.0300056313292372,1.57079632679489,0,-3.14159265358979,base_link,1.08319061175759E-05,0,0.999999999941335,,,,,,,,,,,,
lidar_link,0.000281468343517888,0.00668521000575261,-0.016053477197032,0,0,0,0.0757267113293578,2.27422442657173E-05,1.64290020189147E-07,5.89479542233673E-09,1.60415302776897E-05,2.9070327222057E-08,3.56916101484555E-05,0,0,0,0,0,0,package://URDF35/meshes/lidar_link.STL,0.752941176470588,0.752941176470588,0.752941176470588,1,0,0,0,0,0,0,package://URDF35/meshes/lidar_link.STL,,Lidar Assembly-2,lidar_link,Axis_lidar_link_joint,lidar_link_joint,fixed,0.200002003903513,0.00162922317880108,0.1565,0,0,0,base_link,0,0,0,,,,,,,,,,,,
caster_front_link,-0.314103154667965,-1.26115708989517E-05,0.0339522484840679,0,0,0,0.0568899307760288,1.35690202787723E-05,9.79147222466187E-09,-1.97363329988874E-06,1.97337502376053E-05,1.42837127808197E-08,1.45513202059398E-05,0,0,0,0,0,0,package://URDF35/meshes/caster_front_link.STL,0.752941176470588,0.752941176470588,0.752941176470588,1,0,0,0,0,0,0,package://URDF35/meshes/caster_front_link.STL,,Caster 2in-2,caster_front,Axis_caster_front_link_joint,caster_front_link_joint,fixed,0.134399999992115,0,-0.041995,0,0,0,base_link,0,0,0,,,,,,,,,,,,
caster_back_link,0.325896845294489,-5.67915097031474E-06,0.0339522484840679,0,0,0,0.0568899307760287,1.35690202787722E-05,9.79147222469073E-09,-1.97363329988875E-06,1.97337502376052E-05,1.42837127808283E-08,1.45513202059398E-05,0,0,0,0,0,0,package://URDF35/meshes/caster_back_link.STL,0.752941176470588,0.752941176470588,0.752941176470588,1,0,0,0,0,0,0,package://URDF35/meshes/caster_back_link.STL,,Caster 2in-4,caster_back,Axis_caster_back_link_joint,caster_back_link_joint,fixed,-0.185599999989112,0,-0.041995,0,0,0,base_link,0,0,0,,,,,,,,,,,,
