Link Name,Center of Mass X,Center of Mass Y,Center of Mass Z,Center of Mass Roll,Center of Mass Pitch,Center of Mass Yaw,Mass,Moment Ixx,Moment Ixy,Moment Ixz,Moment Iyy,Moment Iyz,Moment Izz,Visual X,Visual Y,Visual Z,Visual Roll,Visual Pitch,Visual Yaw,Mesh Filename,Color Red,Color Green,Color Blue,Color Alpha,Collision X,Collision Y,Collision Z,Collision Roll,Collision Pitch,Collision Yaw,Collision Mesh Filename,Material Name,SW Components,Coordinate System,Axis Name,Joint Name,Joint Type,Joint Origin X,Joint Origin Y,Joint Origin Z,Joint Origin Roll,Joint Origin Pitch,Joint Origin Yaw,Parent,Joint Axis X,Joint Axis Y,Joint Axis Z,Limit Effort,Limit Velocity,Limit Lower,Limit Upper,Calibration rising,Calibration falling,Dynamics Damping,Dynamics Friction,Safety Soft Upper,Safety Soft Lower,Safety K Position,Safety K Velocity
Basefoot_link,-0.000351944530859937,-0.00637236380636301,0.271448502996774,0,0,0,6.70385866982639,0.0883889190616081,-1.76499877403635E-05,-3.80452601935949E-07,0.0925125174051069,-3.52465707453897E-06,0.108185990524638,0,0,0,0,0,0,package://URDF42/meshes/Basefoot_link.STL,0.752941176470588,0.752941176470588,0.752941176470588,1,0,0,0,0,0,0,package://URDF42/meshes/Basefoot_link.STL,,giam xoc-1;pad_l_vo_de-4;pad_l_vo_de-3;Pad gắn tấm che bên hông-3;Vo_tren-4;giam xoc-4;HY-SRF05.step-3;Vo_tren-5;Pad gắn tấm che bên hông-6;Pad gắn tấm che bên hông-1;hop_dien-2;ga_sieu_am-1;Pad gắn tấm che bên hông-5;Button Green-1;pad_l_vo_de-1;Pad gắn tấm che bên hông-4;Button Red-1;safety bumper-1;Button Yellow-1;pad_l_vo_de-2;ga_sieu_am-3;HY-SRF05.step-1;Pad gắn tấm che bên hông-2;de_1_v2_4-1;Mat_de_nhom_hop_2525-5;Mat_de_nhom_hop_2525-4;7 inch HDMI LCD (H).stp-1;Ke_90_hop_nhom-4;Ke_90_hop_nhom-3;Khay_HMI-2;Ke_khay_doan-3;Ke_khay_doan-6;Ke_khay_doan-5;Ke_khay_doan-7;nối trục 8_8mm-3;ga_caster-3;Nhom_hop_25x25x1000-1;Vo1-1;Vo2-1;Nhom_hop_25x25x200-4;Khay_HMI-3;Khay_HMI-1;Khay_HMI - Copy-3;Ke_khay_doan-4;Nhom_hop_25x25x1000-2;Ke_khay_doan-8;De2-1;nối trục 8_8mm-2;ga_caster-2,Origin_global,,,,0,0,0,0,0,0,,0,0,0,,,,,,,,,,,,
Base_link,0.00637024214800267,-0.000351875529015802,0.241568502996774,0,0,0,6.70385866982639,0.0925125170222571,1.76946541664424E-05,3.5246611953603E-06,0.088388919444458,-3.80414423158948E-07,0.108185990524638,0,0,0,0,0,0,package://URDF42/meshes/Base_link.STL,0.752941176470588,0.752941176470588,0.752941176470588,1,0,0,0,0,0,0,package://URDF42/meshes/Base_link.STL,,giam xoc-1;pad_l_vo_de-4;pad_l_vo_de-3;Pad gắn tấm che bên hông-3;Vo_tren-4;giam xoc-4;HY-SRF05.step-3;Vo_tren-5;Pad gắn tấm che bên hông-6;Pad gắn tấm che bên hông-1;hop_dien-2;ga_sieu_am-1;Pad gắn tấm che bên hông-5;Button Green-1;pad_l_vo_de-1;Pad gắn tấm che bên hông-4;Button Red-1;safety bumper-1;Button Yellow-1;pad_l_vo_de-2;ga_sieu_am-3;HY-SRF05.step-1;Pad gắn tấm che bên hông-2;de_1_v2_4-1;Mat_de_nhom_hop_2525-5;Mat_de_nhom_hop_2525-4;7 inch HDMI LCD (H).stp-1;Ke_90_hop_nhom-4;Ke_90_hop_nhom-3;Khay_HMI-2;Ke_khay_doan-3;Ke_khay_doan-6;Ke_khay_doan-5;Ke_khay_doan-7;nối trục 8_8mm-3;ga_caster-2;ga_caster-3;Nhom_hop_25x25x1000-1;Vo1-1;Vo2-1;Nhom_hop_25x25x200-4;Khay_HMI-3;Khay_HMI-1;Khay_HMI - Copy-3;Ke_khay_doan-4;Nhom_hop_25x25x1000-2;Ke_khay_doan-8;De2-1;nối trục 8_8mm-2,Base_link,Axis_Base_link_joint,Base_link_joint,fixed,0,0,0.0298799999999998,0,0,-1.57080715870104,Basefoot_link,0,0,0,,,,,,,,,,,,
Wheel_left,7.69555613089488E-10,-8.98623189748982E-11,-0.00438493675375531,0,0,0,0.361992776398066,0.000799247027560103,7.2687170703549E-13,-3.24484151516382E-12,0.000799247033748283,3.76996993974946E-13,0.0015355922886839,0,0,0,0,0,0,package://URDF42/meshes/Wheel_left.STL,0.898039215686275,0.917647058823529,0.929411764705882,1,0,0,0,0,0,0,package://URDF42/meshes/Wheel_left.STL,,bánh xe nhôm 145mm-3,Wheel_left,Axis2,Wheel_left_joint,continuous,0,0.24150860880233,0,1.57079632679489,0,-3.14159265358979,Base_link,0,0,1,,,,,,,,,,,,
Caster_front,-1.94427224597948E-08,-5.93567982997635E-08,0.0204506840275615,0,0,0,0.0307968894697984,5.42636402616471E-06,-1.58566616308354E-11,-3.23799090161274E-12,6.31897607528195E-06,-9.85177740308484E-12,8.14169883902757E-06,0,0,0,0,0,0,package://URDF42/meshes/Caster_front.STL,0.792156862745098,0.819607843137255,0.933333333333333,1,0,0,0,0,0,0,package://URDF42/meshes/Caster_front.STL,,Caster Ball Whee-1,Caster_front,Axis_Caster_front_joint,Caster_front_joint,fixed,0.159997874520397,0,-0.0724999999999998,0,0,0,Base_link,0,0,0,,,,,,,,,,,,
Caster_back,-1.94427222655058E-08,-5.93567973282425E-08,0.0204506840275615,0,0,0,0.0307968894697984,5.42636402616471E-06,-1.58566616333131E-11,-3.237990901222E-12,6.31897607528195E-06,-9.85177740292282E-12,8.14169883902756E-06,0,0,0,0,0,0,package://URDF42/meshes/Caster_back.STL,0.792156862745098,0.819607843137255,0.933333333333333,1,0,0,0,0,0,0,package://URDF42/meshes/Caster_back.STL,,Caster Ball Whee-2,Caster_back,Axis_Caster_back_joint,Caster_back_joint,fixed,-0.16000212546083,0,-0.0724999999999998,0,0,0,Base_link,0,0,0,,,,,,,,,,,,
Lidar_link,0.000281468343514252,0.00668521000575229,-0.0160534771970179,0,0,0,0.0757267113293578,2.27422442657172E-05,1.64290020189143E-07,5.89479542233684E-09,1.60415302776897E-05,2.90703272220576E-08,3.56916101484555E-05,0,0,0,0,0,0,package://URDF42/meshes/Lidar_link.STL,0.752941176470588,0.752941176470588,0.752941176470588,1,0,0,0,0,0,0,package://URDF42/meshes/Lidar_link.STL,,Lidar Assembly-2,Lidar_link,Axis_Lidar_link_joint,Lidar_link_joint,fixed,0.1999998784333,0.00162922315577726,0.126619999999987,0,0,0,Base_link,0,0,0,,,,,,,,,,,,
Wheel_right,3.14004652541655E-08,-5.70655628653882E-09,0.00438493914419669,0,0,0,0.361992630197006,0.00079924701438797,7.96635002635625E-11,7.93920558778001E-09,0.000799246786388747,-1.54498085405621E-11,0.00153559203970473,0,0,0,0,0,0,package://URDF42/meshes/Wheel_right.STL,0.898039215686275,0.917647058823529,0.929411764705882,1,0,0,0,0,0,0,package://URDF42/meshes/Wheel_right.STL,,bánh xe nhôm 145mm-4,Wheel_right,Axis1,Wheel_right_joint,continuous,0,-0.242500000008797,0,1.5707963267949,0,3.14159265358979,Base_link,1.08319061421388E-05,0,0.999999999941335,,,,,,,,,,,,
